step,total_energy,total_infra,energy_pct,n_alive,n_genomes,energy_offset,fps
0,10063.5996,10000.0000,50.16,1999,50,0.0000,0.00
10,10699.5986,10000.0000,51.69,1999,50,0.0000,0.00
20,11335.5986,10000.0000,53.13,1999,50,0.0000,0.00
30,11971.5986,10000.0000,54.49,1999,50,0.0000,0.00
40,12607.5967,10000.0000,55.77,1999,50,0.0000,0.00
50,13243.5967,10000.0000,56.98,2002,52,0.0000,0.00
60,13879.5967,10000.0000,58.12,2002,52,0.0000,0.00
70,14515.5967,10000.0000,59.21,2002,52,0.0000,0.00
80,15151.5947,10000.0000,60.24,2002,52,0.0000,0.00
90,15787.5938,10000.0000,61.22,2002,52,0.0000,0.00
100,16423.5938,10000.0000,62.16,2017,53,0.0000,0.00
110,17059.5918,10000.0000,63.04,2017,53,0.0000,0.00
120,17695.5938,10000.0000,63.89,2017,53,0.0000,0.00
130,18331.5938,10000.0000,64.70,2017,53,0.0000,0.00
140,18967.5938,10000.0000,65.48,2017,53,0.0000,0.00
150,19603.5898,10000.0000,66.22,2013,54,0.0000,0.00
160,20239.5898,10000.0000,66.93,2013,54,0.0000,0.00
170,20875.5898,10000.0000,67.61,2013,54,0.0000,0.00
180,21511.5898,10000.0000,68.27,2013,54,0.0000,0.00
190,22147.5898,10000.0000,68.89,2013,54,0.0000,0.00
200,22783.5879,10000.0000,69.50,2004,53,0.0000,0.00
210,23419.5879,10000.0000,70.08,2004,53,0.0000,0.00
220,24055.5859,10000.0000,70.64,2004,53,0.0000,0.00
230,24691.5840,10000.0000,71.17,2004,53,0.0000,0.00
240,25327.5859,10000.0000,71.69,2004,53,0.0000,0.00
250,26025.7461,10414.3994,71.42,1996,53,0.0000,0.00
260,27283.3457,10414.3994,72.37,1996,53,0.0000,0.00
270,28540.9512,10414.3994,73.27,1996,53,0.0000,0.00
280,29798.5508,10414.3994,74.10,1996,53,0.0000,0.00
290,31056.1523,10414.3994,74.89,1996,53,0.0000,0.00
300,32313.7578,10414.3994,75.63,1983,55,0.0000,0.00
310,33571.3594,10414.3994,76.32,1983,55,0.0000,0.00
320,34828.9609,10414.3994,76.98,1983,55,0.0000,0.00
330,36086.5703,10414.3994,77.60,1983,55,0.0000,0.00
340,37344.1758,10414.3994,78.19,1983,55,0.0000,0.00
350,38601.7734,10414.3994,78.75,1982,57,0.0000,0.00
360,39859.3828,10414.3994,79.28,1982,57,0.0000,0.00
370,41116.9883,10414.3994,79.79,1982,57,0.0000,0.00
380,42374.5938,10414.3994,80.27,1982,57,0.0000,0.00
390,43632.1992,10414.3994,80.73,1982,57,0.0000,0.00
400,44889.8086,10414.3994,81.17,1996,58,0.0000,202.49
410,46147.4141,10414.3994,81.59,1996,58,0.0000,202.49
420,47405.0195,10414.3994,81.99,1996,58,0.0000,202.49
430,48662.6328,10414.3994,82.37,1996,58,0.0000,202.49
440,49920.2422,10414.3994,82.74,1996,58,0.0000,202.49
450,51177.8516,10414.3994,83.09,1996,58,0.0000,202.49
460,52435.4609,10414.3994,83.43,1996,58,0.0000,202.49
470,53693.0703,10414.3994,83.75,1996,58,0.0000,202.49
480,54950.6836,10414.3994,84.07,1996,58,0.0000,202.49
490,56208.2969,10414.3994,84.37,1996,58,0.0000,202.49
500,57450.5078,10735.1992,84.26,1987,60,0.0000,202.49
510,58553.3242,10735.1992,84.51,1987,60,0.0000,202.49
520,59656.1406,10735.1992,84.75,1987,60,0.0000,202.49
530,60758.9609,10735.1992,84.98,1987,60,0.0000,202.49
540,61861.7773,10735.1992,85.21,1987,60,0.0000,202.49
550,62964.6016,10735.1992,85.43,1983,61,0.0000,202.49
560,64067.4180,10735.1992,85.65,1983,61,0.0000,202.49
570,65170.2383,10735.1992,85.86,1983,61,0.0000,202.49
580,66273.0625,10735.1992,86.06,1983,61,0.0000,202.49
590,67375.8828,10735.1992,86.26,1983,61,0.0000,202.49
600,68478.7109,10735.1992,86.45,1972,61,0.0000,202.49
610,69581.5312,10735.1992,86.63,1972,61,0.0000,202.49
620,70684.3594,10735.1992,86.81,1972,61,0.0000,202.49
630,71787.1797,10735.1992,86.99,1972,61,0.0000,202.49
640,72890.0000,10735.1992,87.16,1972,61,0.0000,202.49
650,73992.8281,10735.1992,87.33,1969,62,0.0000,202.49
660,75095.6641,10735.1992,87.49,1969,62,0.0000,202.49
670,76198.4844,10735.1992,87.65,1969,62,0.0000,202.49
680,77301.3047,10735.1992,87.81,1969,62,0.0000,202.49
690,78404.1250,10735.1992,87.96,1969,62,0.0000,202.49
700,79506.9531,10735.1992,88.10,1975,63,0.0000,202.49
710,80609.7891,10735.1992,88.25,1975,63,0.0000,202.49
720,81712.6016,10735.1992,88.39,1975,63,0.0000,202.49
730,82815.4375,10735.1992,88.52,1975,63,0.0000,202.49
740,83918.2656,10735.1992,88.66,1975,63,0.0000,202.49
750,84999.5156,11005.1992,88.54,1952,64,0.0000,202.49
760,85885.7500,11005.1992,88.64,1952,64,0.0000,202.49
770,86771.9688,11005.1992,88.74,1952,64,0.0000,202.49
780,87658.2031,11005.1992,88.85,1952,64,0.0000,202.49
790,88544.4375,11005.1992,88.95,1952,64,0.0000,202.49
800,89430.6641,11005.1992,89.04,1959,62,0.0000,202.49
810,90316.9141,11005.1992,89.14,1959,62,0.0000,202.49
820,91203.1250,11005.1992,89.23,1959,62,0.0000,202.49
830,92089.3594,11005.1992,89.33,1959,62,0.0000,202.49
840,92975.6016,11005.1992,89.42,1959,62,0.0000,202.49
850,93861.8359,11005.1992,89.51,1964,63,0.0000,202.49
860,94748.0703,11005.1992,89.59,1964,63,0.0000,202.49
870,95634.3125,11005.1992,89.68,1964,63,0.0000,202.49
880,96520.5469,11005.1992,89.77,1964,63,0.0000,202.49
890,97406.7734,11005.1992,89.85,1964,63,0.0000,244.15
900,98293.0078,11005.1992,89.93,1949,62,0.0000,244.15
910,99179.2422,11005.1992,90.01,1949,62,0.0000,244.15
920,100065.4766,11005.1992,90.09,1949,62,0.0000,244.15
930,100951.7188,11005.1992,90.17,1949,62,0.0000,244.15
940,101837.9531,11005.1992,90.25,1949,62,0.0000,244.15
950,102724.1875,11005.1992,90.32,1928,63,0.0000,244.15
960,103610.4141,11005.1992,90.40,1928,63,0.0000,244.15
970,104496.6562,11005.1992,90.47,1928,63,0.0000,244.15
980,105382.8906,11005.1992,90.54,1928,63,0.0000,244.15
990,106269.1172,11005.1992,90.62,1928,63,0.0000,244.15
1000,107163.5703,11380.4014,90.40,1914,63,0.0000,244.15
