condition,seed,checkpoint_label,checkpoint,bin_width,alive_cells,occupied_genome_ids,genome_shannon_bits,energy_binned_entropy_bits,infrastructure_binned_entropy_bits
flat,42,1000,data/raw/runs/coral_dev_20261001_174414/checkpoint_0001000/substrate.pt,1.0,2004,70,5.9347095028808985,0.07185610716027378,1.2905592274959605
flat,43,1000,data/raw/runs/coral_dev_20261001_174438/checkpoint_0001000/substrate.pt,1.0,1482,60,5.733543016315767,0.002746052628263047,0.818539344313439
flat,44,1000,data/raw/runs/coral_dev_20261001_174457/checkpoint_0001000/substrate.pt,1.0,1894,63,5.791834458043084,0.06791605916676384,1.3057041758757648
flat,45,1000,data/raw/runs/coral_dev_20261001_174510/checkpoint_0001000/substrate.pt,1.0,1927,68,5.915878173410402,0.3228046361322323,0.9939891284798457
flat,46,1000,data/raw/runs/coral_dev_20261001_174523/checkpoint_0001000/substrate.pt,1.0,2191,72,5.876014427011615,0.0014730335283281598,1.5775005103882367
patches,42,1000,data/raw/runs/coral_dev_20261001_174547/checkpoint_0001000/substrate.pt,1.0,1927,71,5.735160218300853,2.7636674667850962,1.8909831577412344
patches,43,1000,data/raw/runs/coral_dev_20261001_174601/checkpoint_0001000/substrate.pt,1.0,1912,64,5.807558949026607,3.1721449599625333,-0.0
patches,44,1000,data/raw/runs/coral_dev_20261001_174623/checkpoint_0001000/substrate.pt,1.0,1914,63,5.810012904262257,2.9143847720291087,-0.0
patches,45,1000,data/raw/runs/coral_dev_20261001_174639/checkpoint_0001000/substrate.pt,1.0,1927,68,5.915878173410402,3.2912918949282086,3.867139828756995
patches,46,1000,data/raw/runs/coral_dev_20261001_174653/checkpoint_0001000/substrate.pt,1.0,2022,68,5.9093670814835,2.8593579914801683,3.8404199627110507
